BEGIN TRANSACTION;
CREATE TABLE otp (
	id INTEGER NOT NULL, 
	user_id INTEGER NOT NULL, 
	otp_code VARCHAR(6) NOT NULL, 
	otp_type VARCHAR(10) NOT NULL, 
	created_at DATETIME, 
	expires_at DATETIME NOT NULL, 
	is_verified BOOLEAN, 
	PRIMARY KEY (id), 
	FOREIGN KEY(user_id) REFERENCES user (id)
);
INSERT INTO "otp" VALUES(1,2,'950479','email','2025-12-04 18:20:52.127706','2025-12-04 18:30:52.123353',1);
INSERT INTO "otp" VALUES(2,1,'888584','email','2025-12-04 18:43:41.846956','2025-12-04 18:53:41.817952',1);
INSERT INTO "otp" VALUES(3,1,'740376','email','2025-12-05 04:27:13.265444','2025-12-05 04:37:13.176916',1);
INSERT INTO "otp" VALUES(4,1,'881479','email','2025-12-05 18:14:59.258587','2025-12-05 18:24:59.099576',1);
INSERT INTO "otp" VALUES(5,1,'489318','email','2025-12-12 19:18:40.316637','2025-12-12 19:28:40.284495',1);
INSERT INTO "otp" VALUES(6,1,'489318','sms','2025-12-12 19:18:40.316637','2025-12-12 19:28:40.284495',0);
CREATE TABLE prediction (
	id INTEGER NOT NULL, 
	user_id INTEGER NOT NULL, 
	brand VARCHAR(50), 
	processor_speed FLOAT, 
	ram_size INTEGER, 
	storage_capacity INTEGER, 
	screen_size FLOAT, 
	weight FLOAT, 
	predicted_price FLOAT, 
	created_at DATETIME, 
	PRIMARY KEY (id), 
	FOREIGN KEY(user_id) REFERENCES user (id)
);
INSERT INTO "prediction" VALUES(1,1,'HP',3.0,6,512,15.6,2.0,1.7032380351445892302e+04,'2025-12-04 18:14:57.008358');
INSERT INTO "prediction" VALUES(2,2,'HP',2.5,8,512,15.6,1.8,1.703517524169457829e+04,'2025-12-04 18:21:02.112174');
INSERT INTO "prediction" VALUES(3,1,'Lenovo',4.5,64,2000,15.6,1.8,6.486909140472076252e+04,'2025-12-04 18:29:24.446579');
INSERT INTO "prediction" VALUES(4,1,'Acer',4.5,30,511,15.6,2.0,1.85298260096866179e+04,'2025-12-04 18:42:37.958600');
INSERT INTO "prediction" VALUES(5,1,'Dell',4.8,63,1000,14.5,1.6,3.488793866668713599e+04,'2025-12-05 17:58:31.849159');
INSERT INTO "prediction" VALUES(6,1,'Asus',4.0,32,600,15.6,2.0,2.119408001926424185e+04,'2025-12-05 18:28:51.421573');
INSERT INTO "prediction" VALUES(7,1,'HP',2.5,8,512,15.6,2.0,1.7033669241272531508e+04,'2025-12-06 05:09:53.035863');
INSERT INTO "prediction" VALUES(8,1,'HP',2.5,8,512,15.6,2.1,1.7032916241061506299e+04,'2025-12-09 05:41:43.755911');
INSERT INTO "prediction" VALUES(9,1,'Asus',3.5,32,1000,15.6,2.0,3.308681643770782103e+04,'2025-12-12 19:19:54.785503');
CREATE TABLE user (
	id INTEGER NOT NULL, 
	username VARCHAR(80) NOT NULL, 
	email VARCHAR(120) NOT NULL, 
	phone VARCHAR(15), 
	password_hash VARCHAR(200) NOT NULL, 
	created_at DATETIME, 
	PRIMARY KEY (id), 
	UNIQUE (username), 
	UNIQUE (email)
);
INSERT INTO "user" VALUES(1,'Rahul Kadu','rahulkadu191@gmail.com','8554872476','scrypt:32768:8:1$o7EjDrqmBiYsCGFE$3db1bbc5b87682e98ce64dccc336c961fd0909a984685154dfe2a3d5a22723907e94f5b6f214120302ac5da5ff49ab06cffb558abcfc04f8fbda7f12d283db2b','2025-12-04 18:14:33.302741');
INSERT INTO "user" VALUES(2,'test_user_1764872447','test_user_1764872447@example.com',NULL,'scrypt:32768:8:1$AaFlStSI7i1MvXl9$666ef5fb0fe1ddc756980fabb06d3e98871084b9154780d9b7ad633fa3497ba0b0d9d808b4e9dc489c715c6a4529d4553b709c9115f9979095f8a073985ce0eb','2025-12-04 18:20:49.974689');
COMMIT;
